Condition_Order,Condition,Model_Order,Model,Model_Label,Configuration_Order,Configuration,Number_of_Predictors,CV_Accuracy_Mean,CV_Accuracy_SD,CV_Macro_Precision_Mean,CV_Macro_Precision_SD,CV_Macro_Recall_Mean,CV_Macro_Recall_SD,CV_Macro_F1_Mean,CV_Macro_F1_SD,CV_Train_Macro_F1_Mean,Number_of_Validation_Scores
0,Original imbalanced class distribution,0,AdaBoost,AdaBoost,0,ATTD & PBC & SN,32,0.8558787878787879,0.024219777838982468,0.82415486550885,0.03059151973615215,0.806271207064386,0.046925676409063796,0.8111725265156308,0.037304067745820166,0.9256589686857266,25
0,Original imbalanced class distribution,0,AdaBoost,AdaBoost,1,ATTD & PBC,28,0.8485034965034964,0.034960305507646755,0.8157932038762448,0.04624384829863864,0.7957422472535113,0.05558899839591054,0.8010877015105935,0.049042253928159994,0.9005216109367323,25
0,Original imbalanced class distribution,0,AdaBoost,AdaBoost,2,ATTD & SN,28,0.85586013986014,0.02796354805417585,0.8336153815670176,0.04131783715272239,0.7907253858990404,0.04370020692766686,0.8051681670369893,0.03893476927387699,0.8841252091830962,25
0,Original imbalanced class distribution,0,AdaBoost,AdaBoost,3,PBC & SN,28,0.8614452214452215,0.030507041430355448,0.8336098043267351,0.04326904451727533,0.815719823390349,0.04077053124508866,0.8205928353930334,0.037056923543282556,0.9197718123409011,25
0,Original imbalanced class distribution,0,AdaBoost,AdaBoost,4,ATTD,24,0.8497156177156178,0.031800717219981,0.8229330831887037,0.05010161965561208,0.7852174593241551,0.04161178386351928,0.7987100487269287,0.042642119521628115,0.8612716210540161,25
0,Original imbalanced class distribution,0,AdaBoost,AdaBoost,5,PBC,24,0.8497342657342658,0.0358305846808569,0.815970194171118,0.047295526118257165,0.8009560561813379,0.04768195089049782,0.8052911424876795,0.04606254915860038,0.8905796640706647,25
0,Original imbalanced class distribution,0,AdaBoost,AdaBoost,6,SN,24,0.8294638694638694,0.029794331621855612,0.8022021272681955,0.04589656935533431,0.744774892226394,0.0480227287044847,0.7619320884233283,0.04711293873849519,0.8600563150055774,25
0,Original imbalanced class distribution,1,DT,DT,0,ATTD & PBC & SN,32,0.825874125874126,0.04160384035492558,0.7857880457693085,0.05424029634709638,0.7662738144903352,0.05143803275505431,0.7727020332769423,0.051563176238158225,0.8321878286569713,25
0,Original imbalanced class distribution,1,DT,DT,1,ATTD & PBC,28,0.8295664335664337,0.041873558042052714,0.7907780462978218,0.053844637784087,0.7708837435683493,0.0527989814759561,0.7772950297593116,0.052537264579082435,0.8321309281372703,25
0,Original imbalanced class distribution,1,DT,DT,2,ATTD & SN,28,0.8202797202797203,0.034616067427514795,0.7803029262196336,0.04992798022198139,0.748550618829092,0.05581648702977589,0.7579991466496021,0.05202722299676861,0.8138324687310272,25
0,Original imbalanced class distribution,1,DT,DT,3,PBC & SN,28,0.8074685314685316,0.04186617656253734,0.7669575801223095,0.05373754602452214,0.7489127033792241,0.0681368072251843,0.7475852308380169,0.06150081180460844,0.8223953816859995,25
0,Original imbalanced class distribution,1,DT,DT,4,ATTD,24,0.8055664335664336,0.0357118880997161,0.7715258200733557,0.0613548851313795,0.705030941454596,0.07180362282560157,0.7166127761162104,0.07444998891059905,0.7911166767207952,25
0,Original imbalanced class distribution,1,DT,DT,5,PBC,24,0.8234125874125874,0.040289867495065385,0.7817199020636116,0.05016517273446989,0.775196773744959,0.05949526201190274,0.7734840373840274,0.05413355279826169,0.831464960581591,25
0,Original imbalanced class distribution,1,DT,DT,6,SN,24,0.79811655011655,0.02885271861444614,0.7791025595281704,0.05724549247565467,0.6893118133778333,0.06149780078268527,0.7010817224013983,0.05671727824516158,0.7658504441820218,25
0,Original imbalanced class distribution,2,GB,GB,0,ATTD & PBC & SN,32,0.8491748251748252,0.029423601174634814,0.8186574621137944,0.042740085543369805,0.7973993533583646,0.045277448540095924,0.8027387282935031,0.04036297209656397,0.9806443544812979,25
0,Original imbalanced class distribution,2,GB,GB,1,ATTD & PBC,28,0.8503682983682984,0.031024505801483034,0.8137520768869563,0.0390432841344007,0.805991343345849,0.04253428441871578,0.8080034242339128,0.03946513087791935,0.9676194510189663,25
0,Original imbalanced class distribution,2,GB,GB,2,ATTD & SN,28,0.8417622377622378,0.035789908279845774,0.8092301842490822,0.049220911266807,0.7836439646780698,0.054565594763318015,0.7906900956215038,0.050198784201899674,0.956302844333162,25
0,Original imbalanced class distribution,2,GB,GB,3,PBC & SN,28,0.8491655011655013,0.03711980039251667,0.8158897015656186,0.051017967022675,0.8009934292866083,0.04969941462740926,0.804886822332336,0.046911695151030344,0.9702226063421435,25
0,Original imbalanced class distribution,2,GB,GB,4,ATTD,24,0.8257995337995339,0.033375507250350385,0.7854891755127088,0.04528715802345869,0.7609341538033653,0.04511877477673873,0.7696772308979283,0.044013612866352775,0.9251662147784543,25
0,Original imbalanced class distribution,2,GB,GB,5,PBC,24,0.8405501165501167,0.03217705215660004,0.8028541628376569,0.04353887625458391,0.792634890835767,0.04247871193886759,0.7949668798203949,0.0411682411340794,0.9439601760688971,25
0,Original imbalanced class distribution,2,GB,GB,6,SN,24,0.8411655011655012,0.040163812773297565,0.8092173740674824,0.0574377402775486,0.7797462105409539,0.05574711370875265,0.7892559194367338,0.052550146277076534,0.9426497384242469,25
0,Original imbalanced class distribution,3,KNN,KNN,0,ATTD & PBC & SN,32,0.8668904428904429,0.029539638788906534,0.848120835885194,0.04397785847973314,0.806016026978167,0.05031315314822721,0.8199157786279548,0.04521714592677718,0.8648141304639698,25
0,Original imbalanced class distribution,3,KNN,KNN,1,ATTD & PBC,28,0.8657529137529137,0.040620639198091196,0.8484356358304324,0.05957238347022016,0.8012652968989015,0.061677246199388885,0.8169808763259558,0.058938807929748815,0.8582052212937132,25
0,Original imbalanced class distribution,3,KNN,KNN,2,ATTD & SN,28,0.8453706293706295,0.03478485853742834,0.8377976029245938,0.052442455169396995,0.7500902169378391,0.06136008638650513,0.7742027490769732,0.06084859783498315,0.8250860919152865,25
0,Original imbalanced class distribution,3,KNN,KNN,3,PBC & SN,28,0.8497249417249416,0.0319674662509607,0.8243848681533982,0.05289556324601869,0.7841995202336253,0.04736500591343914,0.7976640976105874,0.04431229351238162,0.8526205013652174,25
0,Original imbalanced class distribution,3,KNN,KNN,4,ATTD,24,0.8417062937062938,0.035739361948568756,0.842593312244487,0.04814926086406767,0.7364492073425116,0.06352226069271542,0.76244837253241,0.0651833819981761,0.7979392021699497,25
0,Original imbalanced class distribution,3,KNN,KNN,5,PBC,24,0.8497342657342658,0.03502893182562447,0.830362400422397,0.054217092473024725,0.7766226880823252,0.05723020433545641,0.7926088933276302,0.05482008791306708,0.8289311167827303,25
0,Original imbalanced class distribution,3,KNN,KNN,6,SN,24,0.8232727272727274,0.030618098850911712,0.8179289473395371,0.057359694778099206,0.707899283827006,0.04645015893415883,0.7336697862166349,0.05097194230738659,0.7906268451889013,25
0,Original imbalanced class distribution,4,LR,LR,0,ATTD & PBC & SN,32,0.8491841491841491,0.03238076882615562,0.81825824197983,0.048582935694951715,0.8017709637046307,0.04286640871212151,0.8052343639315211,0.039338358385526725,0.8905295411339621,25
0,Original imbalanced class distribution,4,LR,LR,1,ATTD & PBC,28,0.84795337995338,0.03551104494388108,0.8202012052039107,0.05193075235541767,0.7870454387428729,0.0513201119410022,0.7974568508344848,0.047545457140421674,0.8624794923033356,25
0,Original imbalanced class distribution,4,LR,LR,2,ATTD & SN,28,0.8430675990675991,0.03677634899148095,0.8116671405914873,0.05326442547048225,0.7847564664163538,0.05346363753325431,0.7925060020560083,0.05102387182040281,0.8611953116350519,25
0,Original imbalanced class distribution,4,LR,LR,3,PBC & SN,28,0.8541072261072261,0.03002456381577557,0.8294597791840702,0.047301901193722365,0.8022223960506188,0.04386063892844078,0.8087039466334651,0.037705370093311256,0.8824178098138237,25
0,Original imbalanced class distribution,4,LR,LR,4,ATTD,24,0.8368671328671329,0.03384594065188078,0.8132423609803054,0.05452882258738979,0.7615274301209847,0.047369356113666335,0.7768042415303344,0.046197735998796896,0.8332843623845241,25
0,Original imbalanced class distribution,4,LR,LR,5,PBC,24,0.832009324009324,0.03628320074077164,0.7966454862368773,0.048780672309604284,0.7701281115282991,0.05466294271781725,0.7773357842830303,0.04959569742185233,0.8563127191431392,25
0,Original imbalanced class distribution,4,LR,LR,6,SN,24,0.8289137529137528,0.03492930450980711,0.7929932990461065,0.05166893577006244,0.7582027882074815,0.05395303005314582,0.7691816011958036,0.05224487323530304,0.8374805517772078,25
0,Original imbalanced class distribution,5,NB,NB,0,ATTD & PBC & SN,32,0.8816410256410258,0.027648657646964333,0.8573861169116196,0.03630505929326599,0.8409044291475456,0.04289351772201133,0.8461197955596377,0.03774486505462199,0.8562917532810556,25
0,Original imbalanced class distribution,5,NB,NB,1,ATTD & PBC,28,0.8761118881118882,0.02819006860670257,0.8504404896233397,0.038437239528097404,0.8329523014879711,0.041037150284849784,0.8389500531071649,0.03780630874146398,0.8451544574572091,25
0,Original imbalanced class distribution,5,NB,NB,2,ATTD & SN,28,0.8705547785547786,0.02979102836569746,0.8465857118812495,0.03925513810206482,0.8176514045334445,0.04745469463478617,0.8281774073268194,0.04295966132952055,0.8371360844864266,25
0,Original imbalanced class distribution,5,NB,NB,3,PBC & SN,28,0.8761118881118882,0.02892292963822194,0.8512502423800511,0.04028650053667883,0.8321360033375051,0.04478545792264899,0.8383411609077125,0.04033739758672683,0.8440017067385283,25
0,Original imbalanced class distribution,5,NB,NB,4,ATTD,24,0.8637948717948718,0.03433949975176172,0.8353650415262259,0.04394771956040332,0.8117567097761089,0.05137995729855598,0.8204477799501411,0.048007829980320514,0.8239667959919147,25
0,Original imbalanced class distribution,5,NB,NB,5,PBC,24,0.8662564102564103,0.029621621889602077,0.8364817522114756,0.03993116157174535,0.8195814212209706,0.0443125436093517,0.8257091887922877,0.041331023377425065,0.8295522987549404,25
0,Original imbalanced class distribution,5,NB,NB,6,SN,24,0.8465827505827507,0.0450837632023965,0.8151869690302456,0.06463667917759568,0.785268391044361,0.061210199402619625,0.7960581454758388,0.06101918110619313,0.8055980483411115,25
0,Original imbalanced class distribution,6,RF,RF,0,ATTD & PBC & SN,32,0.8816410256410256,0.03051959765253164,0.8662328115207367,0.04425451084570702,0.8313892365456822,0.04270137925553958,0.8431868306907444,0.03901811057025558,1.0,25
0,Original imbalanced class distribution,6,RF,RF,1,ATTD & PBC,28,0.8663403263403263,0.036537091537723436,0.8445246758527428,0.051856837994701116,0.8117608816576276,0.050604137086093993,0.8228116896908227,0.047445239588116604,1.0,25
0,Original imbalanced class distribution,6,RF,RF,2,ATTD & SN,28,0.8680932400932402,0.023720334696686076,0.8520208243168605,0.038380600005015024,0.8077011194548741,0.043188327256123,0.8218323805469882,0.035513041721051464,0.9961260753426255,25
0,Original imbalanced class distribution,6,RF,RF,3,PBC & SN,28,0.8681958041958042,0.028210874600047408,0.8500377089009534,0.04360053408509983,0.8093038172715894,0.040607574671856,0.823415913822101,0.037561347053863214,1.0,25
0,Original imbalanced class distribution,6,RF,RF,4,ATTD,24,0.8496876456876457,0.035787964949686286,0.8236506437238518,0.04747062282236704,0.7812025448477263,0.057655658587199295,0.7952085889834077,0.05379099311981641,0.9922172849228957,25
0,Original imbalanced class distribution,6,RF,RF,5,PBC,24,0.8583589743589743,0.03943917514254147,0.833411104972622,0.05424769452609926,0.802121054095397,0.05807192213315908,0.8115310201217657,0.05529791741452076,1.0,25
0,Original imbalanced class distribution,6,RF,RF,6,SN,24,0.8496876456876457,0.039054115870146025,0.8309309887284221,0.05840133279052881,0.7750288555138367,0.053404320776343196,0.7931565547185246,0.05397414648507907,0.9961260753426255,25
0,Original imbalanced class distribution,7,SVM,SVM,0,ATTD & PBC & SN,32,0.881006993006993,0.027721811725895152,0.8640634102690903,0.03957012912274778,0.8309548393825615,0.049715968684785054,0.8413689763668554,0.041461265197370784,0.9188697550058096,25
0,Original imbalanced class distribution,7,SVM,SVM,1,ATTD & PBC,28,0.874871794871795,0.03418168338272691,0.8585900250361358,0.0458204656739839,0.8170748157418996,0.054302838535931784,0.8311548892731031,0.04899641701796467,0.9104965519709002,25
0,Original imbalanced class distribution,7,SVM,SVM,2,ATTD & SN,28,0.8766993006993008,0.02885245948363203,0.8653203860902603,0.040317492324045884,0.8142820887220136,0.051304112381343685,0.831284982087432,0.0446544379558027,0.9127405985027056,25
0,Original imbalanced class distribution,7,SVM,SVM,3,PBC & SN,28,0.8681212121212121,0.028994391917899365,0.8486847567889079,0.04041177885495028,0.8085528785982479,0.049762023713611644,0.8220514115703209,0.04394594203036631,0.9119914547900957,25
0,Original imbalanced class distribution,7,SVM,SVM,4,ATTD,24,0.860102564102564,0.03843458432503532,0.8482016261108715,0.053150240098094825,0.7837979766374636,0.061842970444708316,0.8039551820262061,0.05903485268217108,0.8868326991892407,25
0,Original imbalanced class distribution,7,SVM,SVM,5,PBC,24,0.849752913752914,0.03726671807949646,0.8224884214279251,0.051245085723824794,0.7869331455986649,0.05685654564422077,0.7981009723191681,0.053801980047379246,0.8889620884477674,25
0,Original imbalanced class distribution,7,SVM,SVM,6,SN,24,0.8502937062937064,0.03481130337881272,0.8384243737453629,0.05226565151168129,0.7647729801140315,0.05751398175426427,0.7867958310309017,0.0570502263149106,0.8886424784618686,25
1,Random undersampling (RUS),0,AdaBoost,U-AdaBoost,0,ATTD & PBC & SN,32,0.8454172494172494,0.03515384484003936,0.8042670527678584,0.03936199566809808,0.8382608468919482,0.04323336465375248,0.8156741666110727,0.040539086532128794,0.903808668014251,25
1,Random undersampling (RUS),0,AdaBoost,U-AdaBoost,1,ATTD & PBC,28,0.8417902097902098,0.04025886104112161,0.801940286718805,0.04281384879699078,0.8351849534139898,0.04321863987531986,0.8120677724601011,0.04395979643275535,0.8829246898831293,25
1,Random undersampling (RUS),0,AdaBoost,U-AdaBoost,2,ATTD & SN,28,0.8208205128205129,0.040170507212351964,0.7771808385820339,0.04188146664546216,0.8021850229453483,0.048470084579395896,0.7842973625597164,0.0445248038505731,0.8849072837048102,25
1,Random undersampling (RUS),0,AdaBoost,U-AdaBoost,3,PBC & SN,28,0.8374825174825176,0.04135279601218963,0.7968760379847246,0.042122397215961484,0.8343404950632735,0.04863885894148267,0.8081975044588606,0.045261222035507295,0.8890073802911389,25
1,Random undersampling (RUS),0,AdaBoost,U-AdaBoost,4,ATTD,24,0.8092494172494173,0.034658906657515275,0.7644720522834612,0.03811947777425504,0.79409887359199,0.04301761220050998,0.7727607213290342,0.03969564034743612,0.8449172851223308,25
1,Random undersampling (RUS),0,AdaBoost,U-AdaBoost,5,PBC,24,0.8337435897435896,0.0454366484400868,0.7932612318000376,0.048892166019004465,0.828727054651648,0.051515786558174015,0.8036323297381796,0.0507741983444584,0.8661345225839038,25
1,Random undersampling (RUS),0,AdaBoost,U-AdaBoost,6,SN,24,0.7950209790209791,0.04531141795658668,0.7514442364779634,0.04821527078560622,0.7851689612015019,0.05263224932564424,0.7593861579476348,0.051189246909235674,0.846673516772418,25
1,Random undersampling (RUS),1,DT,U-DT,0,ATTD & PBC & SN,32,0.7871421911421912,0.04067195924478765,0.7530858812755921,0.041738042707947454,0.8023444235850369,0.052407021202765795,0.7591271668936499,0.044767851179089775,0.8000160785084802,25
1,Random undersampling (RUS),1,DT,U-DT,1,ATTD & PBC,28,0.7883729603729605,0.04617302325803713,0.755130387294131,0.0440015715951432,0.8053885064664164,0.04756789709286361,0.7619388112180009,0.04783527439649869,0.8001412443770823,25
1,Random undersampling (RUS),1,DT,U-DT,2,ATTD & SN,28,0.7754685314685317,0.05242035160998295,0.737476000942813,0.05347223102651704,0.7685273258239467,0.05460280119596612,0.7396931298910223,0.05272513589692627,0.7788218859072438,25
1,Random undersampling (RUS),1,DT,U-DT,3,PBC & SN,28,0.7853146853146853,0.049614769965085355,0.7497300569900222,0.04931908642886683,0.7954347448199137,0.05651456376055476,0.7561986346874049,0.05265298887098079,0.8010763570599799,25
1,Random undersampling (RUS),1,DT,U-DT,4,ATTD,24,0.7743123543123543,0.05767904064449175,0.735090617143451,0.05636837867975467,0.7699734042553191,0.05883920315351153,0.7400883715689653,0.058839818829767986,0.774436645661729,25
1,Random undersampling (RUS),1,DT,U-DT,5,PBC,24,0.7945734265734267,0.0560358423417788,0.7619162921349758,0.051451552838680234,0.8099794882492004,0.05435604383815867,0.7682797050830343,0.05700738567261791,0.798177886917856,25
1,Random undersampling (RUS),1,DT,U-DT,6,SN,24,0.752074592074592,0.046981628103987115,0.7220461843902304,0.03863213524726824,0.7636842928660825,0.0511721137054794,0.7205520206391877,0.04748118825070846,0.7540143878315998,25
1,Random undersampling (RUS),2,GB,U-GB,0,ATTD & PBC & SN,32,0.8221165501165502,0.04103053160085279,0.7797063025215806,0.04455337338819067,0.8161243220692533,0.05070426306052742,0.7902184520581749,0.0466254557217649,0.90827158763773,25
1,Random undersampling (RUS),2,GB,U-GB,1,ATTD & PBC,28,0.8104522144522144,0.04409042347815368,0.7668978934461584,0.04887096148892859,0.7972415171742455,0.053877326261838346,0.7748201561712275,0.050535794619853795,0.9019531790649562,25
1,Random undersampling (RUS),2,GB,U-GB,2,ATTD & SN,28,0.8085501165501167,0.03547921668358971,0.7653383820391371,0.03827053083256913,0.8001614865804477,0.047665272272876175,0.7741034236770645,0.04103980885459204,0.9012032267087244,25
1,Random undersampling (RUS),2,GB,U-GB,3,PBC & SN,28,0.8215198135198135,0.051370287302989974,0.7802917789738473,0.053871190197575726,0.818301522736754,0.059373384504278565,0.790762501303583,0.057181198518248336,0.9025813647959349,25
1,Random undersampling (RUS),2,GB,U-GB,4,ATTD,24,0.781025641025641,0.03506701522753661,0.7381694246776581,0.034216738466319514,0.7763575997774997,0.04044981225707632,0.7463668429273846,0.03749696961930801,0.867927283162615,25
1,Random undersampling (RUS),2,GB,U-GB,5,PBC,24,0.8117296037296038,0.046269390816552236,0.7681914561812598,0.04953414799712724,0.8032184327631762,0.056161248594686346,0.7781197681639946,0.05234740935962378,0.8801647505704107,25
1,Random undersampling (RUS),2,GB,U-GB,6,SN,24,0.7987226107226106,0.05028957479618607,0.7563159831842043,0.05201999588219614,0.7924170838548186,0.057188592861812375,0.7648462880738921,0.05606486478841149,0.8801424585428941,25
1,Random undersampling (RUS),3,KNN,U-KNN,0,ATTD & PBC & SN,32,0.8736317016317017,0.034795381419739334,0.8412838432418392,0.049686082820000796,0.8508197747183981,0.04028399377098673,0.843242915662946,0.04147482025332955,0.8619608000380937,25
1,Random undersampling (RUS),3,KNN,U-KNN,1,ATTD & PBC,28,0.8706480186480188,0.03536405851054025,0.837907088688279,0.04781106132123469,0.84262602558754,0.045421565973988894,0.8378461576641688,0.04341160397125294,0.8600248271354899,25
1,Random undersampling (RUS),3,KNN,U-KNN,2,ATTD & SN,28,0.8515617715617715,0.024952919954518486,0.8150271467710745,0.03322267084074184,0.8098870115422055,0.04162949198848591,0.8099244469052259,0.03405252617715914,0.8503670231871945,25
1,Random undersampling (RUS),3,KNN,U-KNN,3,PBC & SN,28,0.857081585081585,0.03719650588560076,0.820352184747568,0.04873942850665347,0.8336818592685299,0.047186660057488006,0.8234968493870687,0.045064407789164956,0.8417436636141697,25
1,Random undersampling (RUS),3,KNN,U-KNN,4,ATTD,24,0.8331748251748252,0.035627826583280675,0.7976634387953561,0.04963108646428111,0.775113683771381,0.045122900890140524,0.7818466206082446,0.042954068138021204,0.8277676566188736,25
1,Random undersampling (RUS),3,KNN,U-KNN,5,PBC,24,0.8503216783216783,0.04030541354426119,0.813433333496471,0.05083230493299006,0.8238343067723544,0.050181980557739723,0.8148068253345762,0.04770500262510655,0.8424905201114267,25
1,Random undersampling (RUS),3,KNN,U-KNN,6,SN,24,0.8054079254079254,0.050275046170445314,0.7551566070000055,0.07055109202316812,0.7501401056876652,0.07236036173938905,0.7498144469607148,0.06947205324943559,0.7995593982046776,25
1,Random undersampling (RUS),4,LR,U-LR,0,ATTD & PBC & SN,32,0.8386946386946387,0.03562705060794398,0.7985833753566348,0.0400248163605219,0.8355946669447921,0.04639039274271033,0.8090976247994025,0.041309095707945456,0.8735827142531153,25
1,Random undersampling (RUS),4,LR,U-LR,1,ATTD & PBC,28,0.8251375291375291,0.04216270622826528,0.7850587751199205,0.04488233465943671,0.8223034000834376,0.04742317213680991,0.7947994786719716,0.046328921380066744,0.8570143708682358,25
1,Random undersampling (RUS),4,LR,U-LR,2,ATTD & SN,28,0.8300699300699301,0.03735269589104361,0.789582375781272,0.0419506095744862,0.8253719927687386,0.0497639412729987,0.7987650121725944,0.04515453876029914,0.8575466186989692,25
1,Random undersampling (RUS),4,LR,U-LR,3,PBC & SN,28,0.8442331002331003,0.03348554615558398,0.8060370839639198,0.0334420486371607,0.8502487484355444,0.03902903134259821,0.8181157597177189,0.03621326730585573,0.8663807372994989,25
1,Random undersampling (RUS),4,LR,U-LR,4,ATTD,24,0.7890069930069931,0.040518194605482255,0.7462876658240968,0.04070301548059621,0.7840503754693365,0.04697369637422634,0.7548085885087406,0.04400553991711578,0.8121615748430753,25
1,Random undersampling (RUS),4,LR,U-LR,5,PBC,24,0.8203076923076922,0.04005843993040208,0.7797312086216652,0.04259502620341173,0.8184362397441247,0.0446501935359859,0.7899153409800568,0.043738532283328885,0.8422650333977693,25
1,Random undersampling (RUS),4,LR,U-LR,6,SN,24,0.8110303030303031,0.04549599305691694,0.7704199825624286,0.04574982348604179,0.8064754554303991,0.054159967989603444,0.7781082696564695,0.051827534079222796,0.8333622239543743,25
1,Random undersampling (RUS),5,NB,U-NB,0,ATTD & PBC & SN,32,0.8748811188811189,0.02564147318956736,0.8445581617604134,0.0332348811940376,0.8434948199137812,0.04148025032393549,0.8410377556659624,0.03451679525834368,0.8501931309999179,25
1,Random undersampling (RUS),5,NB,U-NB,1,ATTD & PBC,28,0.8619953379953381,0.030474642625720517,0.8276194859058321,0.03964574764654559,0.8275422403003756,0.04565842404709026,0.8249745187224097,0.04066121144766484,0.8341194041144934,25
1,Random undersampling (RUS),5,NB,U-NB,2,ATTD & SN,28,0.8570256410256412,0.03425484691378499,0.8250865993282985,0.044862585834190255,0.814151022110972,0.04912851720538171,0.8159276544856832,0.045643311842314786,0.8266992451888413,25
1,Random undersampling (RUS),5,NB,U-NB,3,PBC & SN,28,0.858918414918415,0.028997015410228495,0.8246824256937952,0.03887480173692656,0.8231706299541092,0.045412653960058,0.8207377677835119,0.039181218020745444,0.8339853007793105,25
1,Random undersampling (RUS),5,NB,U-NB,4,ATTD,24,0.8410722610722611,0.0372390590404222,0.802581287605201,0.048409006316693245,0.7983468919482687,0.05029853088043317,0.7975483814084038,0.048156070725159004,0.8085043527574122,25
1,Random undersampling (RUS),5,NB,U-NB,5,PBC,24,0.8552261072261073,0.03631141549493999,0.8186262333098804,0.048154757066242206,0.8215345570852454,0.049521953550842684,0.817640226436583,0.046596977727162,0.81809262596209,25
1,Random undersampling (RUS),5,NB,U-NB,6,SN,24,0.8287738927738928,0.04162029721346608,0.7888530450144856,0.05455558776131355,0.7802258030871925,0.050845918329492236,0.7813193092695998,0.05019984164923926,0.78997333984563,25
1,Random undersampling (RUS),6,RF,U-RF,0,ATTD & PBC & SN,32,0.8663123543123544,0.021541097125298014,0.8284144201480872,0.024518166319273976,0.8653872896676401,0.024691811914842224,0.8406891065351364,0.023833685484820885,0.9255490921578605,25
1,Random undersampling (RUS),6,RF,U-RF,1,ATTD & PBC,28,0.8564475524475524,0.023714136220447393,0.8177184372917465,0.028099224318937126,0.8536013767209012,0.027624199800755766,0.829171027748304,0.02648974138512802,0.9185925185034545,25
1,Random undersampling (RUS),6,RF,U-RF,2,ATTD & SN,28,0.8479067599067599,0.027365142964991193,0.8092992701352513,0.03179515939890351,0.8420374426366292,0.04039521172025324,0.8181149098046298,0.032492931906230545,0.9142610112409966,25
1,Random undersampling (RUS),6,RF,U-RF,3,PBC & SN,28,0.8607925407925409,0.027407433351477016,0.8227923257563451,0.02938557392609921,0.8614090529828953,0.03216996828435597,0.8349721716558635,0.029940430720155245,0.9170890040854996,25
1,Random undersampling (RUS),6,RF,U-RF,4,ATTD,24,0.8116736596736597,0.04427083026280578,0.7702243198815458,0.04700425164441422,0.807922229175358,0.054182731501210564,0.7794289010976967,0.049871459020185555,0.8884195173417317,25
1,Random undersampling (RUS),6,RF,U-RF,5,PBC,24,0.8411188811188812,0.027307092886301502,0.8008513895156439,0.0295484030586916,0.8365757544152415,0.03295303915645332,0.8115624821393892,0.029774049181310557,0.9133907317648733,25
1,Random undersampling (RUS),6,RF,U-RF,6,SN,24,0.8023682983682984,0.04110189353568517,0.765267801426906,0.04030304183669958,0.8079166666666668,0.0407158065747691,0.7728732063723808,0.04249250148929362,0.8851130896240222,25
1,Random undersampling (RUS),7,SVM,U-SVM,0,ATTD & PBC & SN,32,0.865062937062937,0.02392569861761935,0.8275019047164319,0.027668759373265923,0.8616786608260324,0.026478125490665926,0.838824853660122,0.02559528329986109,0.8826357736634423,25
1,Random undersampling (RUS),7,SVM,U-SVM,1,ATTD & PBC,28,0.8527272727272728,0.03082322027486528,0.8138762470409074,0.035425129174931055,0.8489681546377416,0.03985814202178331,0.8246208434482583,0.03526369969278067,0.8686997596475052,25
1,Random undersampling (RUS),7,SVM,U-SVM,2,ATTD & SN,28,0.8527459207459208,0.025748747656519622,0.8140343791886971,0.028482725792239504,0.8430824989570295,0.03625720753210811,0.8226081759593504,0.02995417667313383,0.8736031183647291,25
1,Random undersampling (RUS),7,SVM,U-SVM,3,PBC & SN,28,0.8632074592074593,0.02281094441907731,0.8260983437291634,0.023621693965342385,0.8659875191211235,0.022134419695755515,0.83840144473773,0.02275320425318058,0.8733547757869033,25
1,Random undersampling (RUS),7,SVM,U-SVM,4,ATTD,24,0.8434965034965036,0.02745030150690065,0.804237358444906,0.03065697489432587,0.8224329022389099,0.04132001734042802,0.8081622404996436,0.03321531384303801,0.8601748777176182,25
1,Random undersampling (RUS),7,SVM,U-SVM,5,PBC,24,0.8367645687645688,0.029991913392936675,0.7980033631722017,0.031386794810958456,0.8366572799332498,0.034157275296056416,0.808166838127333,0.03110255534710649,0.8565255162517712,25
1,Random undersampling (RUS),7,SVM,U-SVM,6,SN,24,0.8079160839160839,0.026428713227633523,0.7642011166925022,0.02970797680816514,0.7951771311361423,0.037756751464688654,0.7717267665258417,0.030965270503378727,0.8421375499529755,25
2,Random oversampling (ROS),0,AdaBoost,O-AdaBoost,0,ATTD & PBC & SN,32,0.8644662004662006,0.02165109250656531,0.8283408092979846,0.028563379737865924,0.8446650326797385,0.027231901495703734,0.8331721770144445,0.024574100669243332,0.9169906574309198,25
2,Random oversampling (ROS),0,AdaBoost,O-AdaBoost,1,ATTD & PBC,28,0.8485128205128205,0.03541315450813986,0.8094441429398418,0.044177911175634556,0.8288431720205813,0.044311103640087515,0.8150089392533018,0.041736865785051216,0.8938739323270943,25
2,Random oversampling (ROS),0,AdaBoost,O-AdaBoost,2,ATTD & SN,28,0.8423496503496505,0.033308952891334065,0.8022770573028102,0.04360370742810494,0.8042483660130718,0.04621617739681361,0.8008983009310238,0.04251983680398343,0.8905716032316384,25
2,Random oversampling (ROS),0,AdaBoost,O-AdaBoost,3,PBC & SN,28,0.8601678321678322,0.025488618468483326,0.8236523460403595,0.030723474090862846,0.8424549784452787,0.03679791926680709,0.8285341764658364,0.029764499427264286,0.9007154150098244,25
2,Random oversampling (ROS),0,AdaBoost,O-AdaBoost,4,ATTD,24,0.8319067599067599,0.03305951860868614,0.7886826032793021,0.039693114218675316,0.8046478236684744,0.04108392344533244,0.7935129304844228,0.03937524285023801,0.8578467611198135,25
2,Random oversampling (ROS),0,AdaBoost,O-AdaBoost,5,PBC,24,0.8392634032634034,0.03504904158523749,0.7973405285910793,0.03946031897866799,0.8217059518842998,0.04719822400151532,0.8048665966102801,0.042221525124531444,0.870668827114099,25
2,Random oversampling (ROS),0,AdaBoost,O-AdaBoost,6,SN,24,0.8134918414918415,0.04111540931169835,0.7669888561651282,0.0504471491758913,0.7786618690029202,0.05716484978351824,0.7688417784634567,0.05244415976222639,0.8710664007178204,25
2,Random oversampling (ROS),1,DT,O-DT,0,ATTD & PBC & SN,32,0.7981631701631702,0.03085840859468657,0.7637192258347127,0.03006012390932329,0.8115922681129191,0.04566834040258637,0.7695946279500003,0.03404889299898216,0.8085849759743019,25
2,Random oversampling (ROS),1,DT,O-DT,1,ATTD & PBC,28,0.7987785547785548,0.030112889570922848,0.7662567806217563,0.024755086459388214,0.8161312752051175,0.037395005678470726,0.7718733918605644,0.029682255898578848,0.8067403818996814,25
2,Random oversampling (ROS),1,DT,O-DT,2,ATTD & SN,28,0.7614358974358976,0.040090479657776804,0.7216396277356532,0.039229956773852284,0.7573200876095119,0.04898267367257313,0.7250935400258378,0.04215459664801742,0.7748234634459935,25
2,Random oversampling (ROS),1,DT,O-DT,3,PBC & SN,28,0.8153659673659674,0.03784134681766126,0.7758835776455658,0.03829928678176181,0.8105762411347517,0.05272475887348245,0.7819857770193063,0.04365261178676786,0.8207178111302459,25
2,Random oversampling (ROS),1,DT,O-DT,4,ATTD,24,0.778004662004662,0.045536350032851995,0.7402744188825001,0.04036028931645544,0.7781829717702684,0.04254594010920011,0.7452441573004891,0.043909368711833804,0.7801298848116679,25
2,Random oversampling (ROS),1,DT,O-DT,5,PBC,24,0.820904428904429,0.03467971982848576,0.7839365042484876,0.031696258993863906,0.8238381309970798,0.03645299995463758,0.7915425441970608,0.03461972560993743,0.8185242721207875,25
2,Random oversampling (ROS),1,DT,O-DT,6,SN,24,0.7434685314685315,0.05109659706658858,0.7202853819701517,0.045019540383260656,0.7696243568349326,0.055034416744902996,0.717785951992406,0.05217149288019732,0.7412854215422997,25
2,Random oversampling (ROS),2,GB,O-GB,0,ATTD & PBC & SN,32,0.8491468531468531,0.03376885867890233,0.8144746141660327,0.045634652143261116,0.8162425253789458,0.045474721896253394,0.8106389701992687,0.040913848913618836,0.968469881779111,25
2,Random oversampling (ROS),2,GB,O-GB,1,ATTD & PBC,28,0.8386853146853147,0.033512030504979515,0.7977676386180587,0.043489448888286084,0.8065243012098456,0.04081102294228408,0.7994603302389741,0.040375152537505336,0.9485096062322731,25
2,Random oversampling (ROS),2,GB,O-GB,2,ATTD & SN,28,0.8380885780885781,0.03743070094301395,0.7993582472731002,0.049596376127784,0.7935798219997219,0.050050358455341636,0.7932360649442752,0.04850479983644122,0.9571113670019747,25
2,Random oversampling (ROS),2,GB,O-GB,3,PBC & SN,28,0.847916083916084,0.03301443820526217,0.809723940453379,0.04146169210403869,0.8196533861771659,0.042066436924412275,0.8112741655038532,0.039203172978097216,0.9538918646880089,25
2,Random oversampling (ROS),2,GB,O-GB,4,ATTD,24,0.8208391608391608,0.038803957130218975,0.7765921237944973,0.04528153970098071,0.7851760881657627,0.04625219391840725,0.7777016338294679,0.045308511602642966,0.912479333601675,25
2,Random oversampling (ROS),2,GB,O-GB,5,PBC,24,0.8374358974358975,0.03439599110453463,0.795998584765865,0.04041990286074589,0.8104423932693643,0.04035494062263496,0.7999837712378449,0.039719028712667914,0.9263473440843935,25
2,Random oversampling (ROS),2,GB,O-GB,6,SN,24,0.8227319347319347,0.04914637995685101,0.7817051638716017,0.059114925094707185,0.7915119593936865,0.053583675100538214,0.7820376900750169,0.05589708053594259,0.933633646318311,25
2,Random oversampling (ROS),3,KNN,O-KNN,0,ATTD & PBC & SN,32,0.8558881118881119,0.03381392057771135,0.82127537541034,0.043221519954784106,0.8373630232234737,0.04574083609231035,0.8232079963900847,0.03927794366554565,0.8874719803066046,25
2,Random oversampling (ROS),3,KNN,O-KNN,1,ATTD & PBC,28,0.8521771561771562,0.03480652056221247,0.8132658633046348,0.039989279135331623,0.8385612223612849,0.04537215196619717,0.8208779688609185,0.04077810146793084,0.876386967665716,25
2,Random oversampling (ROS),3,KNN,O-KNN,2,ATTD & SN,28,0.8281398601398603,0.03991179847502612,0.7866243401454862,0.05175054420132511,0.7970162355722431,0.06378114302105654,0.7859043017086859,0.05287537396091499,0.8846478529881346,25
2,Random oversampling (ROS),3,KNN,O-KNN,3,PBC & SN,28,0.8404848484848485,0.03632875740440134,0.8016632881906637,0.04708262470245524,0.8194081143095535,0.04746523773603109,0.8051448830161821,0.0428906776337674,0.8775964132777274,25
2,Random oversampling (ROS),3,KNN,O-KNN,4,ATTD,24,0.8165501165501168,0.03691877962325427,0.771881799105481,0.045529533949960815,0.7801814768460575,0.05332251522912996,0.7714073892758904,0.0471289696308565,0.8543374392523707,25
2,Random oversampling (ROS),3,KNN,O-KNN,5,PBC,24,0.8154219114219114,0.0435164451098166,0.770247392449729,0.0515663282847922,0.7931695869837297,0.05707250729233268,0.7765542474914908,0.053341432016637526,0.8486460217479674,25
2,Random oversampling (ROS),3,KNN,O-KNN,6,SN,24,0.7656317016317017,0.056460132451791406,0.7113071121629291,0.07009901474511725,0.7280494715616743,0.0785507518585603,0.7143752150895252,0.07198399403055152,0.8383395950328719,25
2,Random oversampling (ROS),4,LR,O-LR,0,ATTD & PBC & SN,32,0.8485594405594407,0.03487888189456085,0.8125393390022485,0.04551785536351527,0.8322976637463495,0.03839719314179764,0.8164277575136519,0.03851974653865004,0.8960014447037541,25
2,Random oversampling (ROS),4,LR,O-LR,1,ATTD & PBC,28,0.8344522144522145,0.03629729169822801,0.7946253795430732,0.04106440180134738,0.8201924280350437,0.03877380593833055,0.80129234604985,0.03936330663922316,0.878402322789115,25
2,Random oversampling (ROS),4,LR,O-LR,2,ATTD & SN,28,0.8417902097902099,0.03142941676807995,0.8013844170303343,0.03692975567126141,0.8255124461131972,0.04443530979365221,0.8080541233010066,0.03777446403559262,0.8774404850133948,25
2,Random oversampling (ROS),4,LR,O-LR,3,PBC & SN,28,0.8534638694638694,0.03638322824079545,0.8173210581648214,0.04019976104057527,0.8413560353219302,0.0424975385186514,0.8230075209828353,0.04013482534690013,0.8881676973769723,25
2,Random oversampling (ROS),4,LR,O-LR,4,ATTD,24,0.8128951048951049,0.03855930049049332,0.7697772305804418,0.041151749423419696,0.8002583089973578,0.04771955331708032,0.7774882546082842,0.043945526387838045,0.8353966717402136,25
2,Random oversampling (ROS),4,LR,O-LR,5,PBC,24,0.8344801864801865,0.03863988712148571,0.7935947525012934,0.04239626986650262,0.8215159574468085,0.04235018752052745,0.8018100089001066,0.04243370932925544,0.8600135119650223,25
2,Random oversampling (ROS),4,LR,O-LR,6,SN,24,0.8215104895104894,0.0430346981216182,0.7793857300384717,0.04789334766798006,0.8021142747879294,0.055339953023432406,0.7841801129379811,0.05064706507606776,0.8512008178709768,25
2,Random oversampling (ROS),5,NB,O-NB,0,ATTD & PBC & SN,32,0.8841025641025643,0.029456860870127312,0.8584848265307633,0.038214384145526914,0.8476670490891393,0.044072455307357476,0.8505713851170259,0.039439607095028625,0.8580519352127941,25
2,Random oversampling (ROS),5,NB,O-NB,1,ATTD & PBC,28,0.8687459207459207,0.0301548408137605,0.8389758947351963,0.04016658660977727,0.8285935544430539,0.041715146389056545,0.8312562503845933,0.0389861662952607,0.8403438814333605,25
2,Random oversampling (ROS),5,NB,O-NB,2,ATTD & SN,28,0.8674871794871796,0.029719474919401783,0.8398505823630625,0.03923829325717328,0.8199607147823668,0.04651633729022108,0.8265631167098887,0.04191424588411572,0.8388510173548185,25
2,Random oversampling (ROS),5,NB,O-NB,3,PBC & SN,28,0.8681398601398602,0.027225685726532608,0.8366505499057538,0.03627695163354445,0.8301295021554721,0.0437414430568324,0.8307785942697202,0.038295905423648545,0.8371741784098882,25
2,Random oversampling (ROS),5,NB,O-NB,4,ATTD,24,0.8496596736596738,0.037499241302685234,0.8154960817706929,0.049874605931877695,0.8027791684049507,0.049900540877316026,0.806033517142792,0.048703344049814516,0.8193997268348119,25
2,Random oversampling (ROS),5,NB,O-NB,5,PBC,24,0.8558135198135198,0.03135613736632784,0.8212812005461442,0.04281040958639986,0.815418752607426,0.04314400237565016,0.815818808986581,0.04109584365507576,0.8241186129406581,25
2,Random oversampling (ROS),5,NB,O-NB,6,SN,24,0.8441212121212122,0.04198737746823617,0.8098778063862484,0.05929735233086144,0.7907278194965929,0.05349027312303321,0.7971389403888561,0.05357230537471426,0.8043373435953964,25
2,Random oversampling (ROS),6,RF,O-RF,0,ATTD & PBC & SN,32,0.8797855477855479,0.02977145518623464,0.8543616815224085,0.039339189345080794,0.8438332638019748,0.04779185197112466,0.845265836993728,0.038671868657603095,1.0,25
2,Random oversampling (ROS),6,RF,O-RF,1,ATTD & PBC,28,0.8718694638694638,0.02951396702850305,0.8418741320449392,0.03747352472864742,0.8364462522597691,0.04501074879353519,0.8361861420339755,0.038398959236190154,1.0,25
2,Random oversampling (ROS),6,RF,O-RF,2,ATTD & SN,28,0.857062937062937,0.025518162943045656,0.8298399752949166,0.04292773960230657,0.8059084272006676,0.04352970247523525,0.8123381620694587,0.03542261773976885,0.9961260753426255,25
2,Random oversampling (ROS),6,RF,O-RF,3,PBC & SN,28,0.8650722610722612,0.022260150092567942,0.8353432496967372,0.026467748884469514,0.8220984564038382,0.04378088948714691,0.8249348064287009,0.032298057806561246,1.0,25
2,Random oversampling (ROS),6,RF,O-RF,4,ATTD,24,0.8331375291375293,0.03409762801121059,0.7927036043023553,0.04322847665151915,0.7848781462939788,0.04980738120822907,0.7855713966933962,0.04492150706396789,0.9897811658890748,25
2,Random oversampling (ROS),6,RF,O-RF,5,PBC,24,0.8515990675990676,0.03222533828122772,0.8167006549016819,0.04245055590219569,0.8110389723265193,0.045010639021603474,0.8107362433029818,0.0399472294483551,1.0,25
2,Random oversampling (ROS),6,RF,O-RF,6,SN,24,0.8293986013986014,0.03340021783346335,0.7898281630427502,0.0434218127793402,0.7699932206925323,0.050859388174188246,0.7757619774839207,0.04650603984391275,0.9961260753426255,25
2,Random oversampling (ROS),7,SVM,O-SVM,0,ATTD & PBC & SN,32,0.8785734265734265,0.025747177599297004,0.8473748895288858,0.036559609825383574,0.8573319079404811,0.03938030922228565,0.8486671542611353,0.03227461493182979,0.938875254694532,25
2,Random oversampling (ROS),7,SVM,O-SVM,1,ATTD & PBC,28,0.8540512820512821,0.03209480037761583,0.8160114736919296,0.03910809944350067,0.8292782644972883,0.044251896842426724,0.8193489231259019,0.03845901166763903,0.9204888176238842,25
2,Random oversampling (ROS),7,SVM,O-SVM,2,ATTD & SN,28,0.8626480186480187,0.031061987925019987,0.8291311896622042,0.0382422392484348,0.8276941663190098,0.05065731401775564,0.8248526470700825,0.0434065096135817,0.930283751582094,25
2,Random oversampling (ROS),7,SVM,O-SVM,3,PBC & SN,28,0.8662937062937064,0.03168846566034884,0.8322274150569795,0.039475144673920964,0.8495833333333331,0.03442381932062466,0.8364629018423144,0.03455143968030833,0.9307716580124334,25
2,Random oversampling (ROS),7,SVM,O-SVM,4,ATTD,24,0.83986013986014,0.03647904702674692,0.8007042069554506,0.04829078480025184,0.797973160895564,0.05927644609660901,0.7952165643005271,0.05115155428793064,0.9138222936151672,25
2,Random oversampling (ROS),7,SVM,O-SVM,5,PBC,24,0.8307319347319347,0.04241736054226306,0.7897805243001766,0.047204995689216774,0.8103824224725351,0.04930398334121192,0.7948121410839798,0.04707288450546997,0.9036290032425307,25
2,Random oversampling (ROS),7,SVM,O-SVM,6,SN,24,0.831916083916084,0.03004074549113542,0.7913783156782163,0.04146550849725931,0.786486928104575,0.04558947544204609,0.7852643803204888,0.04091718771719231,0.9214318507417195,25
3,Synthetic Minority Over-sampling Technique (SMOTE),0,AdaBoost,S-AdaBoost,0,ATTD & PBC & SN,32,0.8607925407925409,0.022073004375991898,0.8275479788767028,0.029550207948309325,0.826898206090947,0.03759814717375559,0.8235465457545333,0.029082235078326413,0.9227256633417344,25
3,Synthetic Minority Over-sampling Technique (SMOTE),0,AdaBoost,S-AdaBoost,1,ATTD & PBC,28,0.8533706293706294,0.0325062085376433,0.8161831976669214,0.04210505008263394,0.8249673202614379,0.04272716435352882,0.8173653201850698,0.03984196413164782,0.894559262346557,25
3,Synthetic Minority Over-sampling Technique (SMOTE),0,AdaBoost,S-AdaBoost,2,ATTD & SN,28,0.8534172494172495,0.032889422255726775,0.8197187112600843,0.04662252408985232,0.8091246001946878,0.045716994523372044,0.8114050939141315,0.042649355786502634,0.884635258525615,25
3,Synthetic Minority Over-sampling Technique (SMOTE),0,AdaBoost,S-AdaBoost,3,PBC & SN,28,0.8601864801864804,0.030095469900543362,0.8275604266942598,0.039450483985880115,0.8338214434710055,0.044639739285362766,0.8254292041452349,0.03687029327798568,0.9111917209213766,25
3,Synthetic Minority Over-sampling Technique (SMOTE),0,AdaBoost,S-AdaBoost,4,ATTD,24,0.8282610722610723,0.03275178754969822,0.7855247989384854,0.042803532548615415,0.7876851272423862,0.04046220541596111,0.784101558086952,0.03950877486759912,0.8509311424203658,25
3,Synthetic Minority Over-sampling Technique (SMOTE),0,AdaBoost,S-AdaBoost,5,PBC,24,0.8564848484848485,0.030091477435517495,0.8189929451233507,0.03790246762698987,0.8351293283270755,0.04406989233099743,0.8229475564059275,0.03764420092165082,0.879923849907947,25
3,Synthetic Minority Over-sampling Technique (SMOTE),0,AdaBoost,S-AdaBoost,6,SN,24,0.8350396270396271,0.03269689051225767,0.7952035269171961,0.04227088590201667,0.7936484842163817,0.04509267165775237,0.7909645367113163,0.04102254961497063,0.8617507547174132,25
3,Synthetic Minority Over-sampling Technique (SMOTE),1,DT,S-DT,0,ATTD & PBC & SN,32,0.8104988344988345,0.0491608548555892,0.7707564863798726,0.05520470421589289,0.7699629745515227,0.060038988621450205,0.7626316454677118,0.054271769538507625,0.8287413972265117,25
3,Synthetic Minority Over-sampling Technique (SMOTE),1,DT,S-DT,1,ATTD & PBC,28,0.8203636363636363,0.05081122623895813,0.7825074860051973,0.05472867126681269,0.7867652273675428,0.061151486994788576,0.776890121484004,0.05670335230486445,0.8288616373110212,25
3,Synthetic Minority Over-sampling Technique (SMOTE),1,DT,S-DT,2,ATTD & SN,28,0.8110582750582751,0.03396532475933246,0.7767317263735822,0.05245137708529409,0.7565051800862189,0.048598950023511056,0.7554975174424315,0.04056623487973333,0.8050500195326543,25
3,Synthetic Minority Over-sampling Technique (SMOTE),1,DT,S-DT,3,PBC & SN,28,0.815962703962704,0.03727424304942565,0.770502232148377,0.047460313553323516,0.7676646154915868,0.056855356800665634,0.7652023490887118,0.04909732262019157,0.832125835577286,25
3,Synthetic Minority Over-sampling Technique (SMOTE),1,DT,S-DT,4,ATTD,24,0.793902097902098,0.042734523525842186,0.7551731705325093,0.04264035116403854,0.7772394312334864,0.03694979760956046,0.7555468915282028,0.04002497007845379,0.7768678676664423,25
3,Synthetic Minority Over-sampling Technique (SMOTE),1,DT,S-DT,5,PBC,24,0.8387039627039629,0.030421820600023856,0.7992106732879525,0.038914252801287526,0.8014937074120428,0.05300184956614481,0.7958911115376217,0.041819555570022135,0.8336777103024369,25
3,Synthetic Minority Over-sampling Technique (SMOTE),1,DT,S-DT,6,SN,24,0.7558228438228438,0.04509540120414766,0.7204249442169376,0.045630882765605875,0.7522376929495203,0.054557916553303235,0.7183951946552664,0.04664434184641903,0.7576062599687439,25
3,Synthetic Minority Over-sampling Technique (SMOTE),2,GB,S-GB,0,ATTD & PBC & SN,32,0.8509836829836831,0.03257447245506253,0.8173148106956539,0.04305971996135366,0.8109988179669031,0.04462058136912268,0.8099659303425234,0.041923447569481076,0.9719433626576034,25
3,Synthetic Minority Over-sampling Technique (SMOTE),2,GB,S-GB,1,ATTD & PBC,28,0.8503776223776225,0.03361168408087134,0.8127142953954174,0.045751431649271125,0.8137908496732025,0.04424484012024958,0.8111452347980892,0.041987899917250354,0.9614366097623218,25
3,Synthetic Minority Over-sampling Technique (SMOTE),2,GB,S-GB,2,ATTD & SN,28,0.8448578088578089,0.03555939769830994,0.8089533363092282,0.046017563160775564,0.7946311361424003,0.05040787584990276,0.798657497307715,0.04639435661141312,0.9551162430828656,25
3,Synthetic Minority Over-sampling Technique (SMOTE),2,GB,S-GB,3,PBC & SN,28,0.8564941724941727,0.035043881884006964,0.8212093289914599,0.046753003738469946,0.821242525378946,0.0470731294872867,0.8185906612711407,0.04399561145732362,0.9583098212315582,25
3,Synthetic Minority Over-sampling Technique (SMOTE),2,GB,S-GB,4,ATTD,24,0.8172400932400932,0.03235058253559522,0.7714477275621343,0.03998776492870773,0.7745464817132526,0.04772441443953668,0.7696931072429742,0.04203576589352444,0.9086181017052478,25
3,Synthetic Minority Over-sampling Technique (SMOTE),2,GB,S-GB,5,PBC,24,0.8448205128205128,0.02665472534890263,0.804497994134404,0.033312321948241574,0.8148100055625086,0.03202018998941201,0.80723883893006,0.031647259371557476,0.9257857988143208,25
3,Synthetic Minority Over-sampling Technique (SMOTE),2,GB,S-GB,6,SN,24,0.8405687645687646,0.04061585338174328,0.8032768711626151,0.05125077492476494,0.8011676053400084,0.046561322800920735,0.799000792081747,0.04706112670141122,0.9359273322519072,25
3,Synthetic Minority Over-sampling Technique (SMOTE),3,KNN,S-KNN,0,ATTD & PBC & SN,32,0.8417715617715618,0.034573346107233054,0.8032556410969406,0.03732581242300613,0.8375439785843415,0.04058137886514994,0.8122533653580081,0.037813368745202275,0.8754889680471176,25
3,Synthetic Minority Over-sampling Technique (SMOTE),3,KNN,S-KNN,1,ATTD & PBC,28,0.8344149184149184,0.03900328389864798,0.7959477424525503,0.040819364734568424,0.8385636559588374,0.04165646955453867,0.8071823226683358,0.0419832354821767,0.8672411311498506,25
3,Synthetic Minority Over-sampling Technique (SMOTE),3,KNN,S-KNN,2,ATTD & SN,28,0.8213706293706293,0.04175036508481527,0.7807213273820159,0.04630328511665961,0.8191232095675148,0.053904376767739196,0.7902453024456152,0.047994864582237014,0.8637132984717596,25
3,Synthetic Minority Over-sampling Technique (SMOTE),3,KNN,S-KNN,3,PBC & SN,28,0.8221351981351981,0.04000203645089666,0.7797168841966505,0.04396790929014458,0.8182928313169239,0.052508457199941384,0.7904683118633987,0.0474291916443942,0.8672802197677845,25
3,Synthetic Minority Over-sampling Technique (SMOTE),3,KNN,S-KNN,4,ATTD,24,0.7705734265734265,0.04230441233826184,0.7293457982484436,0.04090467282943779,0.7629853288833263,0.04427736938364179,0.734104896338422,0.04298877067029272,0.83550388007868,25
3,Synthetic Minority Over-sampling Technique (SMOTE),3,KNN,S-KNN,5,PBC,24,0.8153846153846154,0.044200180755634984,0.7746876650578157,0.045739510066677695,0.8130305242664442,0.04478974112039967,0.7847427518334038,0.04708774121780235,0.8496969704334417,25
3,Synthetic Minority Over-sampling Technique (SMOTE),3,KNN,S-KNN,6,SN,24,0.756951048951049,0.047922356664135135,0.710042088169305,0.05445505828616765,0.7441284244194132,0.06325426775662353,0.7176036203337465,0.05748421207707281,0.8294312242261124,25
3,Synthetic Minority Over-sampling Technique (SMOTE),4,LR,S-LR,0,ATTD & PBC & SN,32,0.8437109557109557,0.038278557173930555,0.8066805162537369,0.04424826215637834,0.825990474203866,0.043126751013101414,0.8102542034857734,0.041593476591874616,0.8971758547957017,25
3,Synthetic Minority Over-sampling Technique (SMOTE),4,LR,S-LR,1,ATTD & PBC,28,0.8393193473193474,0.03476828685362379,0.7996565408854609,0.040695490565252776,0.8233950424141289,0.04168336828481691,0.8059129080443981,0.03892949504945494,0.8861840323310014,25
3,Synthetic Minority Over-sampling Technique (SMOTE),4,LR,S-LR,2,ATTD & SN,28,0.8387132867132868,0.03502303937776737,0.7987918490531298,0.0405734756961088,0.8182024405506882,0.04769461926060144,0.802941117216162,0.042673440514099034,0.8746735570615258,25
3,Synthetic Minority Over-sampling Technique (SMOTE),4,LR,S-LR,3,PBC & SN,28,0.8504242424242424,0.03804988262449208,0.8138579603590166,0.040901975291436014,0.8364472952301487,0.04618303961777721,0.8188085663896905,0.04218053306929899,0.8896966814907679,25
3,Synthetic Minority Over-sampling Technique (SMOTE),4,LR,S-LR,4,ATTD,24,0.8067972027972029,0.0411364618923369,0.7640298048793294,0.04304900986789036,0.794462348769295,0.042074602190994986,0.7717418576824129,0.04329346162129769,0.8321835686211252,25
3,Synthetic Minority Over-sampling Technique (SMOTE),4,LR,S-LR,5,PBC,24,0.8301911421911423,0.03951466969106205,0.7893656128379801,0.042629074278000154,0.817091850924767,0.04153498801432847,0.7971070616665525,0.04248282608872191,0.863375664686937,25
3,Synthetic Minority Over-sampling Technique (SMOTE),4,LR,S-LR,6,SN,24,0.8258461538461539,0.03937196501644952,0.7840159814314848,0.04398740461867524,0.803677513558615,0.04849764341852022,0.7882926574142775,0.04567622216684827,0.8494547570672875,25
3,Synthetic Minority Over-sampling Technique (SMOTE),5,NB,S-NB,0,ATTD & PBC & SN,32,0.8871328671328671,0.02515763895801359,0.867852252511063,0.0326699309639359,0.8411257126964261,0.04108905096814855,0.8511001034060693,0.03615877975471429,0.8498674024032491,25
3,Synthetic Minority Over-sampling Technique (SMOTE),5,NB,S-NB,1,ATTD & PBC,28,0.8767272727272727,0.03207131766231923,0.8530751419239765,0.04379209426411059,0.8305169656515088,0.042950166877709556,0.8389331594578476,0.041726046095303164,0.8402782555427827,25
3,Synthetic Minority Over-sampling Technique (SMOTE),5,NB,S-NB,2,ATTD & SN,28,0.8650256410256411,0.03071164208837424,0.8381984312744152,0.03863951782652165,0.8124116951745236,0.05042762417303541,0.8212955781790556,0.04480468440735293,0.8307614667635542,25
3,Synthetic Minority Over-sampling Technique (SMOTE),5,NB,S-NB,3,PBC & SN,28,0.8797762237762238,0.028566509554535786,0.8591561418888983,0.04012714835482537,0.831727506605479,0.043266522658907285,0.8415351313171608,0.03953713897381326,0.8448950491019857,25
3,Synthetic Minority Over-sampling Technique (SMOTE),5,NB,S-NB,4,ATTD,24,0.8552354312354313,0.03494473256725929,0.8235928068532256,0.04561366273221803,0.8029317897371715,0.050592564061003646,0.8102077665749273,0.04741899710446273,0.8160229019054716,25
3,Synthetic Minority Over-sampling Technique (SMOTE),5,NB,S-NB,5,PBC,24,0.8717948717948718,0.03180703716296465,0.8445254217076678,0.042867580460464495,0.829222639410374,0.0454715782241219,0.8338945020839533,0.04252003604511498,0.8375938168248896,25
3,Synthetic Minority Over-sampling Technique (SMOTE),5,NB,S-NB,6,SN,24,0.8398321678321679,0.03999398567050546,0.8051515666389936,0.05688421929475169,0.7811778612154082,0.05389567945101397,0.7893052649505268,0.052796211752118793,0.7943548096611345,25
3,Synthetic Minority Over-sampling Technique (SMOTE),6,RF,S-RF,0,ATTD & PBC & SN,32,0.8822284382284383,0.030739851764979165,0.8617207826580301,0.047319732350500715,0.8432648449450703,0.042117994335756935,0.8477430854342125,0.03859234658301622,1.0,25
3,Synthetic Minority Over-sampling Technique (SMOTE),6,RF,S-RF,1,ATTD & PBC,28,0.8644755244755246,0.028684553585719377,0.8335208636866386,0.03931771734945688,0.8264665901821722,0.045020892479111674,0.8265277275477442,0.03751473067270399,1.0,25
3,Synthetic Minority Over-sampling Technique (SMOTE),6,RF,S-RF,2,ATTD & SN,28,0.8583123543123544,0.02932594966175472,0.8283921059292395,0.042618407533165786,0.8134791753580863,0.0477143255858743,0.8164243961985312,0.038470112380170826,0.9961260753426255,25
3,Synthetic Minority Over-sampling Technique (SMOTE),6,RF,S-RF,3,PBC & SN,28,0.8650815850815851,0.027443649844550205,0.833944851025135,0.033428419054855926,0.8226234181615908,0.05213981878417107,0.8246773081416697,0.04121868559467754,1.0,25
3,Synthetic Minority Over-sampling Technique (SMOTE),6,RF,S-RF,4,ATTD,24,0.8319160839160838,0.03839154017399324,0.7897248548830926,0.04940182625674629,0.787621158392435,0.05181444874083564,0.7864041743871448,0.04873277078114556,0.9922172849228957,25
3,Synthetic Minority Over-sampling Technique (SMOTE),6,RF,S-RF,5,PBC,24,0.8497435897435898,0.027068066388179695,0.8129916486723601,0.0338044700077909,0.8112432206925323,0.04096160630227181,0.8091254096981944,0.0347438146411467,0.9994167107599172,25
3,Synthetic Minority Over-sampling Technique (SMOTE),6,RF,S-RF,6,SN,24,0.8324568764568765,0.03128592655050967,0.7915055415747527,0.038517496859860355,0.7817278542622722,0.05121839292786454,0.7831381457467528,0.04417162788738989,0.9947790627769141,25
3,Synthetic Minority Over-sampling Technique (SMOTE),7,SVM,S-SVM,0,ATTD & PBC & SN,32,0.8730815850815852,0.026508907894727547,0.8390547182370027,0.03497069231588572,0.8586036364900571,0.032740779738840695,0.8447165748286776,0.029994044937993448,0.9389868909250195,25
3,Synthetic Minority Over-sampling Technique (SMOTE),7,SVM,S-SVM,1,ATTD & PBC,28,0.8485221445221446,0.02916259471982209,0.8099949285493677,0.035634758571823105,0.8241482408566264,0.037738902802763125,0.8133114554210207,0.03323507950516206,0.9279804217724859,25
3,Synthetic Minority Over-sampling Technique (SMOTE),7,SVM,S-SVM,2,ATTD & SN,28,0.8546573426573427,0.026454822219829685,0.8164659085967497,0.03389044438231792,0.8243851689612015,0.0405182540967425,0.8179766010831598,0.03452857617802545,0.9406739288721262,25
3,Synthetic Minority Over-sampling Technique (SMOTE),7,SVM,S-SVM,3,PBC & SN,28,0.858955710955711,0.02838398433964521,0.8231110052813032,0.03479306448891324,0.8388970588235294,0.039158896106423535,0.8264034127781237,0.033308668184018696,0.934092006189808,25
3,Synthetic Minority Over-sampling Technique (SMOTE),7,SVM,S-SVM,4,ATTD,24,0.8220885780885782,0.03515555120182855,0.7785848360894063,0.04730208765456328,0.7813996662494784,0.05065415320948523,0.7761485194904146,0.04539099755381754,0.913799336085226,25
3,Synthetic Minority Over-sampling Technique (SMOTE),7,SVM,S-SVM,5,PBC,24,0.8325780885780887,0.035305708199157834,0.791797371995067,0.043462276442910605,0.8060381031845363,0.048304517940894916,0.7939626971299154,0.042277257491114426,0.908650739580807,25
3,Synthetic Minority Over-sampling Technique (SMOTE),7,SVM,S-SVM,6,SN,24,0.8123543123543123,0.03904183271680621,0.766522810887674,0.04693428408727614,0.7683999096092338,0.06405787039250577,0.7613426733574077,0.05764505230034999,0.9247911553073241,25
